Downloaded from wid.world on 09-11-2022 at 02:30:42
Percentile;Year;"sptinc_z_US-AL
Pre-tax national income 
Top 1% | share
Alabama";"sptinc_z_US-AK
Pre-tax national income 
Top 1% | share
Alaska";"sptinc_z_US-AZ
Pre-tax national income 
Top 1% | share
Arizona";"sptinc_z_US-AR
Pre-tax national income 
Top 1% | share
Arkansas";"sptinc_z_US-CA
Pre-tax national income 
Top 1% | share
California";"sptinc_z_US-CO
Pre-tax national income 
Top 1% | share
Colorado";"sptinc_z_US-CT
Pre-tax national income 
Top 1% | share
Connecticut";"sptinc_z_US-DE
Pre-tax national income 
Top 1% | share
Delaware";"sptinc_z_US-FL
Pre-tax national income 
Top 1% | share
Florida";"sptinc_z_US-GA
Pre-tax national income 
Top 1% | share
Georgia (US)";"sptinc_z_US-HI
Pre-tax national income 
Top 1% | share
Hawaii";"sptinc_z_US-ID
Pre-tax national income 
Top 1% | share
Idaho";"sptinc_z_US-IL
Pre-tax national income 
Top 1% | share
Illinois";"sptinc_z_US-IN
Pre-tax national income 
Top 1% | share
Indiana";"sptinc_z_US-IA
Pre-tax national income 
Top 1% | share
Iowa";"sptinc_z_US-KS
Pre-tax national income 
Top 1% | share
Kansas";"sptinc_z_US-KY
Pre-tax national income 
Top 1% | share
Kentucky";"sptinc_z_US-LA
Pre-tax national income 
Top 1% | share
Louisiana";"sptinc_z_US-ME
Pre-tax national income 
Top 1% | share
Maine";"sptinc_z_US-MD
Pre-tax national income 
Top 1% | share
Maryland";"sptinc_z_US-MA
Pre-tax national income 
Top 1% | share
Massachusetts";"sptinc_z_US-MI
Pre-tax national income 
Top 1% | share
Michigan";"sptinc_z_US-MN
Pre-tax national income 
Top 1% | share
Minnesota";"sptinc_z_US-MS
Pre-tax national income 
Top 1% | share
Mississippi";"sptinc_z_US-MO
Pre-tax national income 
Top 1% | share
Missouri";"sptinc_z_US-MT
Pre-tax national income 
Top 1% | share
Montana";"sptinc_z_US-NE
Pre-tax national income 
Top 1% | share
Nebraska";"sptinc_z_US-NV
Pre-tax national income 
Top 1% | share
Nevada";"sptinc_z_US-NH
Pre-tax national income 
Top 1% | share
New Hampshire";"sptinc_z_US-NJ
Pre-tax national income 
Top 1% | share
New Jersey";"sptinc_z_US-NM
Pre-tax national income 
Top 1% | share
New Mexico";"sptinc_z_US-NY
Pre-tax national income 
Top 1% | share
New York";"sptinc_z_US-NC
Pre-tax national income 
Top 1% | share
North Carolina";"sptinc_z_US-ND
Pre-tax national income 
Top 1% | share
North Dakota";"sptinc_z_US-OH
Pre-tax national income 
Top 1% | share
Ohio";"sptinc_z_US-OK
Pre-tax national income 
Top 1% | share
Oklahoma";"sptinc_z_US-OR
Pre-tax national income 
Top 1% | share
Oregon";"sptinc_z_US-PA
Pre-tax national income 
Top 1% | share
Pennsylvania";"sptinc_z_US-RI
Pre-tax national income 
Top 1% | share
Rhode Island";"sptinc_z_US-SC
Pre-tax national income 
Top 1% | share
South Carolina";"sptinc_z_US-SD
Pre-tax national income 
Top 1% | share
South Dakota";"sptinc_z_US-TN
Pre-tax national income 
Top 1% | share
Tennessee";"sptinc_z_US-TX
Pre-tax national income 
Top 1% | share
Texas";"sptinc_z_US-UT
Pre-tax national income 
Top 1% | share
Utah";"sptinc_z_US-VT
Pre-tax national income 
Top 1% | share
Vermont";"sptinc_z_US-VA
Pre-tax national income 
Top 1% | share
Virginia";"sptinc_z_US-WA
Pre-tax national income 
Top 1% | share
Washington";"sptinc_z_US-DC
Pre-tax national income 
Top 1% | share
Washington D.C.";"sptinc_z_US-WV
Pre-tax national income 
Top 1% | share
West Virginia";"sptinc_z_US-WI
Pre-tax national income 
Top 1% | share
Wisconsin";"sptinc_z_US-WY
Pre-tax national income 
Top 1% | share
Wyoming"
p99p100;2015;0.1638;0.1163;0.1826;0.1844;0.2387;0.1786;0.2836;0.1552;0.2968;0.1869;0.125;0.154;0.2156;0.1523;0.1331;0.1612;0.1598;0.1604;0.1357;0.1544;0.2498;0.1821;0.1762;0.1474;0.1797;0.1575;0.1379;0.2526;0.1649;0.2038;0.1399;0.3223;0.1775;0.1504;0.1602;0.165;0.1687;0.1849;0.1654;0.1672;0.1734;0.1849;0.2116;0.1665;0.1444;0.1584;0.1954;0.2325;0.1397;0.1652;0.2451
p99p100;2016;0.1706;0.1102;0.1804;0.1976;0.231;0.1887;0.2554;0.1528;0.2537;0.1792;0.1297;0.1663;0.2031;0.1575;0.1309;0.1571;0.1623;0.1741;0.1485;0.1537;0.2388;0.195;0.1749;0.1567;0.1778;0.1548;0.1416;0.288;0.1735;0.2004;0.1411;0.2922;0.1743;0.1477;0.1592;0.1602;0.1711;0.1762;0.1688;0.1724;0.1781;0.193;0.1881;0.1778;0.1451;0.1575;0.2087;0.2151;0.1324;0.1696;0.2231
p99p100;2017;0.1709;0.108;0.1938;0.2286;0.2356;0.1854;0.2844;0.1583;0.3465;0.204;0.1365;0.157;0.2028;0.1515;0.1379;0.1557;0.1554;0.1671;0.1439;0.1543;0.2594;0.1886;0.1736;0.147;0.1701;0.1628;0.1444;0.2673;0.175;0.2092;0.1505;0.3131;0.1738;0.1421;0.1567;0.1626;0.1755;0.1792;0.1749;0.1723;0.1672;0.1867;0.2306;0.1772;0.1525;0.1628;0.202;0.2176;0.1326;0.16;0.2764
p99p100;2018;0.1703;0.1108;0.1971;0.2142;0.2391;0.1936;0.2665;0.1634;0.3193;0.1976;0.124;0.1726;0.224;0.1538;0.1379;0.173;0.1782;0.1699;0.1449;0.1574;0.2562;0.2012;0.1772;0.1508;0.1913;0.1658;0.1472;0.3116;0.1791;0.1966;0.1532;0.2973;0.1864;0.1447;0.1678;0.1612;0.1738;0.1847;0.173;0.1783;0.1837;0.2033;0.2131;0.1852;0.1505;0.1656;0.2031;0.2297;0.1336;0.172;0.2457
